anio,entidad,grupo_etario,sexo,ansiedad,demencia,depresion,total,trastorno_bipolar,trastorno_discapacidad_intelectual,trastorno_estres_postraumatico,trastorno_espectro_autista,deficit_atencion_hiperactividad,trastorno_psicotico,trastorno_conducta_infancia_adolescencia,entidad_etq
2024,AGUASCALIENTES,10 A 14 AÑOS,HOMBRES,53,0,33,322,0,15,3,16,41,1,160,Aguascalientes
2024,AGUASCALIENTES,10 A 14 AÑOS,MUJERES,149,0,45,305,0,8,1,4,0,0,98,Aguascalientes
2024,AGUASCALIENTES,15 A 19 AÑOS,HOMBRES,74,0,52,220,0,6,5,1,13,0,69,Aguascalientes
2024,AGUASCALIENTES,15 A 19 AÑOS,MUJERES,80,0,115,285,3,2,6,1,0,0,78,Aguascalientes
2024,AGUASCALIENTES,20 A 29 AÑOS,HOMBRES,176,0,73,293,0,10,8,25,0,1,0,Aguascalientes
2024,AGUASCALIENTES,20 A 29 AÑOS,MUJERES,333,0,211,563,0,14,3,2,0,0,0,Aguascalientes
2024,AGUASCALIENTES,30 A 49 AÑOS,HOMBRES,270,1,66,360,11,2,4,0,0,6,0,Aguascalientes
2024,AGUASCALIENTES,30 A 49 AÑOS,MUJERES,655,0,373,1058,10,2,11,0,0,7,0,Aguascalientes
2024,AGUASCALIENTES,5 A 9 AÑOS,HOMBRES,39,0,13,236,0,8,2,31,45,0,98,Aguascalientes
2024,AGUASCALIENTES,5 A 9 AÑOS,MUJERES,41,0,2,95,0,5,0,5,5,0,37,Aguascalientes
2024,AGUASCALIENTES,50 A 59 AÑOS,HOMBRES,74,0,65,143,1,0,0,0,0,3,0,Aguascalientes
2024,AGUASCALIENTES,50 A 59 AÑOS,MUJERES,266,2,175,449,1,1,3,0,0,1,0,Aguascalientes
2024,AGUASCALIENTES,60 AÑOS Y MÁS,HOMBRES,97,6,68,189,14,0,0,0,0,4,0,Aguascalientes
2024,AGUASCALIENTES,60 AÑOS Y MÁS,MUJERES,242,28,205,482,1,0,2,0,0,4,0,Aguascalientes
2024,BAJA CALIFORNIA,10 A 14 AÑOS,HOMBRES,139,0,8,476,3,40,10,61,51,7,157,Baja California
2024,BAJA CALIFORNIA,10 A 14 AÑOS,MUJERES,306,0,21,526,2,24,4,24,30,6,109,Baja California
2024,BAJA CALIFORNIA,15 A 19 AÑOS,HOMBRES,86,0,18,239,7,19,2,47,11,17,32,Baja California
2024,BAJA CALIFORNIA,15 A 19 AÑOS,MUJERES,196,0,51,353,8,25,22,10,7,8,26,Baja California
2024,BAJA CALIFORNIA,20 A 29 AÑOS,HOMBRES,311,1,36,572,37,39,6,48,0,94,0,Baja California
2024,BAJA CALIFORNIA,20 A 29 AÑOS,MUJERES,717,0,99,954,34,39,12,18,0,35,0,Baja California
2024,BAJA CALIFORNIA,30 A 49 AÑOS,HOMBRES,445,1,40,888,96,78,8,7,0,213,0,Baja California
2024,BAJA CALIFORNIA,30 A 49 AÑOS,MUJERES,1178,2,116,1616,121,69,19,2,0,109,0,Baja California
2024,BAJA CALIFORNIA,5 A 9 AÑOS,HOMBRES,46,0,4,429,1,23,6,122,54,1,172,Baja California
2024,BAJA CALIFORNIA,5 A 9 AÑOS,MUJERES,45,0,3,226,0,26,1,49,20,0,82,Baja California
2024,BAJA CALIFORNIA,50 A 59 AÑOS,HOMBRES,187,3,15,349,26,36,3,0,0,79,0,Baja California
2024,BAJA CALIFORNIA,50 A 59 AÑOS,MUJERES,470,3,49,688,84,30,5,0,0,47,0,Baja California
2024,BAJA CALIFORNIA,60 AÑOS Y MÁS,HOMBRES,188,42,36,384,25,47,0,0,0,46,0,Baja California
2024,BAJA CALIFORNIA,60 AÑOS Y MÁS,MUJERES,376,82,81,655,35,40,2,0,0,39,0,Baja California
2024,BAJA CALIFORNIA SUR,10 A 14 AÑOS,HOMBRES,22,0,2,93,0,11,0,11,16,1,30,Baja California Sur
2024,BAJA CALIFORNIA SUR,10 A 14 AÑOS,MUJERES,62,0,22,122,0,8,0,5,6,0,19,Baja California Sur
2024,BAJA CALIFORNIA SUR,15 A 19 AÑOS,HOMBRES,17,0,9,56,5,6,1,4,3,7,4,Baja California Sur
2024,BAJA CALIFORNIA SUR,15 A 19 AÑOS,MUJERES,56,0,28,105,0,2,2,1,0,5,11,Baja California Sur
2024,BAJA CALIFORNIA SUR,20 A 29 AÑOS,HOMBRES,79,0,13,119,1,9,3,5,0,9,0,Baja California Sur
2024,BAJA CALIFORNIA SUR,20 A 29 AÑOS,MUJERES,223,0,55,294,4,5,2,2,0,3,0,Baja California Sur
2024,BAJA CALIFORNIA SUR,30 A 49 AÑOS,HOMBRES,164,1,26,240,9,6,4,1,0,29,0,Baja California Sur
2024,BAJA CALIFORNIA SUR,30 A 49 AÑOS,MUJERES,326,1,76,463,32,5,0,1,0,22,0,Baja California Sur
2024,BAJA CALIFORNIA SUR,5 A 9 AÑOS,HOMBRES,11,0,1,144,0,7,0,33,23,0,69,Baja California Sur
2024,BAJA CALIFORNIA SUR,5 A 9 AÑOS,MUJERES,9,0,3,57,1,4,0,10,5,0,25,Baja California Sur
2024,BAJA CALIFORNIA SUR,50 A 59 AÑOS,HOMBRES,56,2,3,78,8,1,0,0,0,8,0,Baja California Sur
2024,BAJA CALIFORNIA SUR,50 A 59 AÑOS,MUJERES,94,1,25,137,3,3,1,0,0,10,0,Baja California Sur
2024,BAJA CALIFORNIA SUR,60 AÑOS Y MÁS,HOMBRES,46,19,11,84,1,3,0,0,0,4,0,Baja California Sur
2024,BAJA CALIFORNIA SUR,60 AÑOS Y MÁS,MUJERES,93,37,31,173,4,2,0,0,0,6,0,Baja California Sur
2024,CAMPECHE,10 A 14 AÑOS,HOMBRES,56,0,34,173,0,11,6,4,13,0,49,Campeche
2024,CAMPECHE,10 A 14 AÑOS,MUJERES,101,0,65,211,0,10,4,1,2,2,26,Campeche
2024,CAMPECHE,15 A 19 AÑOS,HOMBRES,21,0,68,116,0,4,0,4,2,3,14,Campeche
2024,CAMPECHE,15 A 19 AÑOS,MUJERES,50,0,115,200,1,13,6,0,0,2,13,Campeche
2024,CAMPECHE,20 A 29 AÑOS,HOMBRES,112,0,43,176,0,8,5,0,0,8,0,Campeche
2024,CAMPECHE,20 A 29 AÑOS,MUJERES,249,0,126,419,8,22,6,1,0,7,0,Campeche
2024,CAMPECHE,30 A 49 AÑOS,HOMBRES,168,0,47,240,1,9,3,1,0,11,0,Campeche
2024,CAMPECHE,30 A 49 AÑOS,MUJERES,470,0,211,724,5,19,10,0,0,9,0,Campeche
2024,CAMPECHE,5 A 9 AÑOS,HOMBRES,40,0,14,169,0,11,9,28,20,6,41,Campeche
2024,CAMPECHE,5 A 9 AÑOS,MUJERES,37,0,5,92,0,15,4,4,6,2,19,Campeche
2024,CAMPECHE,50 A 59 AÑOS,HOMBRES,54,3,25,89,1,2,0,0,0,4,0,Campeche
2024,CAMPECHE,50 A 59 AÑOS,MUJERES,150,1,68,229,2,1,2,1,0,4,0,Campeche
2024,CAMPECHE,60 AÑOS Y MÁS,HOMBRES,51,11,34,101,0,1,0,0,0,4,0,Campeche
2024,CAMPECHE,60 AÑOS Y MÁS,MUJERES,113,16,74,206,0,2,1,0,0,0,0,Campeche
2024,CHIAPAS,10 A 14 AÑOS,HOMBRES,277,0,164,1050,0,44,21,53,69,6,416,Chiapas
2024,CHIAPAS,10 A 14 AÑOS,MUJERES,638,0,348,1439,3,24,46,15,19,8,338,Chiapas
2024,CHIAPAS,15 A 19 AÑOS,HOMBRES,160,0,185,513,4,14,11,19,12,11,97,Chiapas
2024,CHIAPAS,15 A 19 AÑOS,MUJERES,560,1,556,1362,9,9,54,9,5,45,114,Chiapas
2024,CHIAPAS,20 A 29 AÑOS,HOMBRES,683,0,237,1008,3,12,25,8,0,40,0,Chiapas
2024,CHIAPAS,20 A 29 AÑOS,MUJERES,2246,0,883,3332,19,20,76,3,0,85,0,Chiapas
2024,CHIAPAS,30 A 49 AÑOS,HOMBRES,934,2,305,1391,23,18,28,1,0,80,0,Chiapas
2024,CHIAPAS,30 A 49 AÑOS,MUJERES,2861,0,1262,4351,31,25,87,2,0,83,0,Chiapas
2024,CHIAPAS,5 A 9 AÑOS,HOMBRES,109,0,16,892,1,29,13,113,126,4,481,Chiapas
2024,CHIAPAS,5 A 9 AÑOS,MUJERES,158,0,17,535,0,18,8,35,43,0,256,Chiapas
2024,CHIAPAS,50 A 59 AÑOS,HOMBRES,244,5,124,408,2,6,9,0,0,18,0,Chiapas
2024,CHIAPAS,50 A 59 AÑOS,MUJERES,791,8,493,1355,10,6,14,0,2,31,0,Chiapas
2024,CHIAPAS,60 AÑOS Y MÁS,HOMBRES,285,35,204,547,1,6,6,1,0,9,0,Chiapas
2024,CHIAPAS,60 AÑOS Y MÁS,MUJERES,612,28,487,1163,6,5,11,1,0,13,0,Chiapas
2024,CHIHUAHUA,10 A 14 AÑOS,HOMBRES,268,0,68,1059,9,30,11,34,309,3,327,Chihuahua
2024,CHIHUAHUA,10 A 14 AÑOS,MUJERES,678,0,134,1294,2,46,25,20,124,4,261,Chihuahua
2024,CHIHUAHUA,15 A 19 AÑOS,HOMBRES,100,0,64,339,4,27,2,28,44,12,58,Chihuahua
2024,CHIHUAHUA,15 A 19 AÑOS,MUJERES,393,0,217,758,27,17,20,8,10,14,52,Chihuahua
2024,CHIHUAHUA,20 A 29 AÑOS,HOMBRES,459,1,86,707,36,30,15,19,0,61,0,Chihuahua
2024,CHIHUAHUA,20 A 29 AÑOS,MUJERES,1551,1,304,2039,105,32,19,4,0,23,0,Chihuahua
2024,CHIHUAHUA,30 A 49 AÑOS,HOMBRES,638,6,102,1004,101,46,11,6,1,93,0,Chihuahua
2024,CHIHUAHUA,30 A 49 AÑOS,MUJERES,2544,4,567,3516,272,23,51,2,0,53,0,Chihuahua
2024,CHIHUAHUA,5 A 9 AÑOS,HOMBRES,117,0,30,1406,0,44,9,155,508,0,543,Chihuahua
2024,CHIHUAHUA,5 A 9 AÑOS,MUJERES,151,0,17,727,0,30,10,50,196,0,273,Chihuahua
2024,CHIHUAHUA,50 A 59 AÑOS,HOMBRES,240,6,54,439,90,11,9,0,0,29,0,Chihuahua
2024,CHIHUAHUA,50 A 59 AÑOS,MUJERES,1069,9,300,1607,162,23,17,0,0,27,0,Chihuahua
2024,CHIHUAHUA,60 AÑOS Y MÁS,HOMBRES,225,72,74,457,47,8,2,0,0,29,0,Chihuahua
2024,CHIHUAHUA,60 AÑOS Y MÁS,MUJERES,721,92,296,1297,151,6,5,0,0,26,0,Chihuahua
2024,CIUDAD DE MÉXICO,10 A 14 AÑOS,HOMBRES,1321,0,625,5434,6,442,43,297,1199,34,1467,Ciudad de México
2024,CIUDAD DE MÉXICO,10 A 14 AÑOS,MUJERES,2108,0,1315,5056,15,271,45,79,323,27,873,Ciudad de México
2024,CIUDAD DE MÉXICO,15 A 19 AÑOS,HOMBRES,398,0,575,1912,6,235,56,138,254,43,207,Ciudad de México
2024,CIUDAD DE MÉXICO,15 A 19 AÑOS,MUJERES,813,1,1333,2727,7,199,57,20,73,31,193,Ciudad de México
2024,CIUDAD DE MÉXICO,20 A 29 AÑOS,HOMBRES,1660,3,790,3149,26,252,163,90,6,159,0,Ciudad de México
2024,CIUDAD DE MÉXICO,20 A 29 AÑOS,MUJERES,3476,2,2177,6173,35,261,136,17,2,67,0,Ciudad de México
2024,CIUDAD DE MÉXICO,30 A 49 AÑOS,HOMBRES,2762,11,1097,4792,91,333,182,20,1,295,0,Ciudad de México
2024,CIUDAD DE MÉXICO,30 A 49 AÑOS,MUJERES,6274,11,3534,10737,127,346,217,14,4,210,0,Ciudad de México
2024,CIUDAD DE MÉXICO,5 A 9 AÑOS,HOMBRES,635,0,202,6352,5,383,55,1018,2099,55,1900,Ciudad de México
2024,CIUDAD DE MÉXICO,5 A 9 AÑOS,MUJERES,647,0,183,2944,1,246,46,183,536,21,1081,Ciudad de México
2024,CIUDAD DE MÉXICO,50 A 59 AÑOS,HOMBRES,1366,35,504,2248,32,116,64,2,0,129,0,Ciudad de México
2024,CIUDAD DE MÉXICO,50 A 59 AÑOS,MUJERES,3302,32,1949,5688,64,132,85,2,0,122,0,Ciudad de México
2024,CIUDAD DE MÉXICO,60 AÑOS Y MÁS,HOMBRES,1408,389,660,2657,24,44,43,3,1,85,0,Ciudad de México
2024,CIUDAD DE MÉXICO,60 AÑOS Y MÁS,MUJERES,3716,875,2600,7488,54,54,77,1,0,111,0,Ciudad de México
2024,COAHUILA DE ZARAGOZA,10 A 14 AÑOS,HOMBRES,32,0,11,157,0,13,1,7,10,2,81,Coahuila
2024,COAHUILA DE ZARAGOZA,10 A 14 AÑOS,MUJERES,102,0,34,182,0,4,0,0,0,2,40,Coahuila
2024,COAHUILA DE ZARAGOZA,15 A 19 AÑOS,HOMBRES,6,0,21,50,0,3,2,0,6,2,10,Coahuila
2024,COAHUILA DE ZARAGOZA,15 A 19 AÑOS,MUJERES,55,0,60,137,1,4,1,1,1,4,10,Coahuila
2024,COAHUILA DE ZARAGOZA,20 A 29 AÑOS,HOMBRES,74,0,17,117,2,5,1,3,0,15,0,Coahuila
2024,COAHUILA DE ZARAGOZA,20 A 29 AÑOS,MUJERES,231,0,121,387,2,13,3,3,0,14,0,Coahuila
2024,COAHUILA DE ZARAGOZA,30 A 49 AÑOS,HOMBRES,70,0,45,142,2,6,0,1,0,18,0,Coahuila
2024,COAHUILA DE ZARAGOZA,30 A 49 AÑOS,MUJERES,261,0,110,404,5,7,3,2,0,16,0,Coahuila
2024,COAHUILA DE ZARAGOZA,5 A 9 AÑOS,HOMBRES,25,0,1,138,1,6,5,28,6,3,63,Coahuila
2024,COAHUILA DE ZARAGOZA,5 A 9 AÑOS,MUJERES,8,0,3,57,0,5,0,11,0,9,21,Coahuila
2024,COAHUILA DE ZARAGOZA,50 A 59 AÑOS,HOMBRES,27,0,25,65,0,2,1,0,0,10,0,Coahuila
2024,COAHUILA DE ZARAGOZA,50 A 59 AÑOS,MUJERES,80,2,71,165,2,0,0,0,0,10,0,Coahuila
2024,COAHUILA DE ZARAGOZA,60 AÑOS Y MÁS,HOMBRES,26,30,34,97,1,4,0,0,0,2,0,Coahuila
2024,COAHUILA DE ZARAGOZA,60 AÑOS Y MÁS,MUJERES,69,30,78,183,2,0,0,0,0,4,0,Coahuila
2024,COLIMA,10 A 14 AÑOS,HOMBRES,27,0,12,145,0,12,2,9,12,0,71,Colima
2024,COLIMA,10 A 14 AÑOS,MUJERES,111,0,39,239,0,16,7,3,4,1,58,Colima
2024,COLIMA,15 A 19 AÑOS,HOMBRES,14,0,18,63,0,8,1,7,4,2,9,Colima
2024,COLIMA,15 A 19 AÑOS,MUJERES,65,0,46,135,0,10,1,3,4,1,5,Colima
2024,COLIMA,20 A 29 AÑOS,HOMBRES,94,0,21,141,1,8,0,5,0,12,0,Colima
2024,COLIMA,20 A 29 AÑOS,MUJERES,282,0,75,383,0,9,10,0,0,7,0,Colima
2024,COLIMA,30 A 49 AÑOS,HOMBRES,150,0,36,266,7,19,8,1,0,45,0,Colima
2024,COLIMA,30 A 49 AÑOS,MUJERES,427,0,116,602,15,15,12,0,0,17,0,Colima
2024,COLIMA,5 A 9 AÑOS,HOMBRES,8,0,3,236,0,11,2,57,45,0,110,Colima
2024,COLIMA,5 A 9 AÑOS,MUJERES,26,0,2,105,0,4,0,15,6,0,52,Colima
2024,COLIMA,50 A 59 AÑOS,HOMBRES,41,0,12,75,6,2,1,0,0,13,0,Colima
2024,COLIMA,50 A 59 AÑOS,MUJERES,152,1,38,217,7,2,1,1,0,15,0,Colima
2024,COLIMA,60 AÑOS Y MÁS,HOMBRES,55,13,20,96,2,0,1,0,0,5,0,Colima
2024,COLIMA,60 AÑOS Y MÁS,MUJERES,148,16,44,229,1,2,4,0,0,14,0,Colima
2024,DURANGO,10 A 14 AÑOS,HOMBRES,134,0,35,407,4,12,1,6,51,2,162,Durango
2024,DURANGO,10 A 14 AÑOS,MUJERES,265,0,109,564,14,3,4,5,11,2,151,Durango
2024,DURANGO,15 A 19 AÑOS,HOMBRES,42,0,49,153,8,3,3,6,7,5,30,Durango
2024,DURANGO,15 A 19 AÑOS,MUJERES,121,0,102,314,30,0,9,1,5,2,44,Durango
2024,DURANGO,20 A 29 AÑOS,HOMBRES,191,0,41,299,17,10,8,8,4,20,0,Durango
2024,DURANGO,20 A 29 AÑOS,MUJERES,492,0,167,717,39,1,8,2,0,8,0,Durango
2024,DURANGO,30 A 49 AÑOS,HOMBRES,296,0,91,483,45,8,2,0,0,41,0,Durango
2024,DURANGO,30 A 49 AÑOS,MUJERES,961,0,300,1383,88,4,15,0,0,15,0,Durango
2024,DURANGO,5 A 9 AÑOS,HOMBRES,44,0,16,190,0,4,0,17,40,0,69,Durango
2024,DURANGO,5 A 9 AÑOS,MUJERES,53,0,14,122,1,1,0,5,17,0,31,Durango
2024,DURANGO,50 A 59 AÑOS,HOMBRES,118,0,36,212,43,1,4,1,0,9,0,Durango
2024,DURANGO,50 A 59 AÑOS,MUJERES,334,2,134,520,30,2,8,1,0,9,0,Durango
2024,DURANGO,60 AÑOS Y MÁS,HOMBRES,131,8,53,239,24,0,5,0,0,18,0,Durango
2024,DURANGO,60 AÑOS Y MÁS,MUJERES,296,25,126,485,27,0,4,0,0,7,0,Durango
2024,ESTADO DE MÉXICO,10 A 14 AÑOS,HOMBRES,1378,0,357,3255,3,142,16,98,275,9,977,Estado de México
2024,ESTADO DE MÉXICO,10 A 14 AÑOS,MUJERES,2093,0,775,3860,3,101,46,32,113,8,689,Estado de México
2024,ESTADO DE MÉXICO,15 A 19 AÑOS,HOMBRES,438,0,501,1459,1,95,24,47,68,22,263,Estado de México
2024,ESTADO DE MÉXICO,15 A 19 AÑOS,MUJERES,1179,0,1427,3050,5,68,59,10,35,21,246,Estado de México
2024,ESTADO DE MÉXICO,20 A 29 AÑOS,HOMBRES,1360,1,402,2044,13,133,39,22,4,70,0,Estado de México
2024,ESTADO DE MÉXICO,20 A 29 AÑOS,MUJERES,4696,1,2068,7072,16,129,88,8,1,65,0,Estado de México
2024,ESTADO DE MÉXICO,30 A 49 AÑOS,HOMBRES,2048,0,548,3007,25,166,45,6,5,164,0,Estado de México
2024,ESTADO DE MÉXICO,30 A 49 AÑOS,MUJERES,6848,5,2861,10207,53,184,135,8,2,111,0,Estado de México
2024,ESTADO DE MÉXICO,5 A 9 AÑOS,HOMBRES,735,0,87,2649,1,140,12,296,384,13,981,Estado de México
2024,ESTADO DE MÉXICO,5 A 9 AÑOS,MUJERES,677,0,85,1602,0,74,15,61,154,3,533,Estado de México
2024,ESTADO DE MÉXICO,50 A 59 AÑOS,HOMBRES,737,12,268,1155,17,58,22,1,0,40,0,Estado de México
2024,ESTADO DE MÉXICO,50 A 59 AÑOS,MUJERES,2403,9,1316,3929,32,55,61,2,0,51,0,Estado de México
2024,ESTADO DE MÉXICO,60 AÑOS Y MÁS,HOMBRES,680,91,383,1251,6,21,25,0,1,44,0,Estado de México
2024,ESTADO DE MÉXICO,60 AÑOS Y MÁS,MUJERES,2023,159,1480,3811,23,25,33,1,1,66,0,Estado de México
2024,GUANAJUATO,10 A 14 AÑOS,HOMBRES,1197,0,587,2749,3,132,42,80,232,13,463,Guanajuato
2024,GUANAJUATO,10 A 14 AÑOS,MUJERES,1924,0,1307,3836,5,117,45,21,36,11,370,Guanajuato
2024,GUANAJUATO,15 A 19 AÑOS,HOMBRES,336,0,459,1153,7,57,38,24,22,13,197,Guanajuato
2024,GUANAJUATO,15 A 19 AÑOS,MUJERES,1180,0,1673,3273,11,47,55,5,8,20,274,Guanajuato
2024,GUANAJUATO,20 A 29 AÑOS,HOMBRES,942,1,386,1546,34,59,19,22,1,82,0,Guanajuato
2024,GUANAJUATO,20 A 29 AÑOS,MUJERES,4162,0,1979,6363,69,48,55,6,0,44,0,Guanajuato
2024,GUANAJUATO,30 A 49 AÑOS,HOMBRES,1273,0,463,2028,70,41,36,3,0,142,0,Guanajuato
2024,GUANAJUATO,30 A 49 AÑOS,MUJERES,5585,6,2693,8789,217,58,119,0,0,111,0,Guanajuato
2024,GUANAJUATO,5 A 9 AÑOS,HOMBRES,583,0,126,2162,1,142,19,302,493,21,475,Guanajuato
2024,GUANAJUATO,5 A 9 AÑOS,MUJERES,547,0,83,1205,2,94,23,48,115,7,286,Guanajuato
2024,GUANAJUATO,50 A 59 AÑOS,HOMBRES,509,9,234,884,65,11,14,1,0,41,0,Guanajuato
2024,GUANAJUATO,50 A 59 AÑOS,MUJERES,1839,5,1131,3179,95,15,45,0,0,49,0,Guanajuato
2024,GUANAJUATO,60 AÑOS Y MÁS,HOMBRES,467,51,291,888,41,4,6,0,0,28,0,Guanajuato
2024,GUANAJUATO,60 AÑOS Y MÁS,MUJERES,1325,76,1091,2612,47,7,27,1,0,38,0,Guanajuato
2024,GUERRERO,10 A 14 AÑOS,HOMBRES,500,0,159,1232,10,20,25,36,69,8,405,Guerrero
2024,GUERRERO,10 A 14 AÑOS,MUJERES,954,0,383,1787,4,16,49,5,35,8,333,Guerrero
2024,GUERRERO,15 A 19 AÑOS,HOMBRES,239,0,187,640,5,24,30,13,7,15,120,Guerrero
2024,GUERRERO,15 A 19 AÑOS,MUJERES,783,0,747,1908,18,15,61,4,115,9,156,Guerrero
2024,GUERRERO,20 A 29 AÑOS,HOMBRES,789,0,193,1207,15,28,33,11,1,137,0,Guerrero
2024,GUERRERO,20 A 29 AÑOS,MUJERES,2805,0,1187,4292,28,39,169,1,2,61,0,Guerrero
2024,GUERRERO,30 A 49 AÑOS,HOMBRES,1257,4,283,2047,45,32,42,5,0,379,0,Guerrero
2024,GUERRERO,30 A 49 AÑOS,MUJERES,3820,0,1350,5784,124,63,173,4,0,250,0,Guerrero
2024,GUERRERO,5 A 9 AÑOS,HOMBRES,248,0,60,1061,2,18,21,89,158,5,460,Guerrero
2024,GUERRERO,5 A 9 AÑOS,MUJERES,294,0,65,692,0,11,19,22,46,3,232,Guerrero
2024,GUERRERO,50 A 59 AÑOS,HOMBRES,462,4,131,759,23,3,9,1,0,126,0,Guerrero
2024,GUERRERO,50 A 59 AÑOS,MUJERES,1090,3,473,1779,47,10,46,1,0,109,0,Guerrero
2024,GUERRERO,60 AÑOS Y MÁS,HOMBRES,486,22,241,826,5,5,15,0,1,51,0,Guerrero
2024,GUERRERO,60 AÑOS Y MÁS,MUJERES,961,48,629,1750,35,4,21,0,0,52,0,Guerrero
2024,HIDALGO,10 A 14 AÑOS,HOMBRES,236,0,69,575,0,34,3,17,62,5,149,Hidalgo
2024,HIDALGO,10 A 14 AÑOS,MUJERES,478,0,141,831,2,25,4,15,13,2,151,Hidalgo
2024,HIDALGO,15 A 19 AÑOS,HOMBRES,102,0,71,290,0,24,6,9,14,8,56,Hidalgo
2024,HIDALGO,15 A 19 AÑOS,MUJERES,283,0,487,916,1,37,23,5,4,11,65,Hidalgo
2024,HIDALGO,20 A 29 AÑOS,HOMBRES,328,1,90,489,2,27,4,4,0,33,0,Hidalgo
2024,HIDALGO,20 A 29 AÑOS,MUJERES,1026,0,1050,2216,7,95,21,1,0,16,0,Hidalgo
2024,HIDALGO,30 A 49 AÑOS,HOMBRES,413,1,95,606,8,25,9,0,0,55,0,Hidalgo
2024,HIDALGO,30 A 49 AÑOS,MUJERES,1499,1,797,2479,38,45,34,0,1,64,0,Hidalgo
2024,HIDALGO,5 A 9 AÑOS,HOMBRES,63,0,10,430,2,20,3,77,105,0,150,Hidalgo
2024,HIDALGO,5 A 9 AÑOS,MUJERES,83,0,25,253,0,17,4,10,28,2,84,Hidalgo
2024,HIDALGO,50 A 59 AÑOS,HOMBRES,114,7,35,191,6,9,1,0,0,19,0,Hidalgo
2024,HIDALGO,50 A 59 AÑOS,MUJERES,579,2,245,878,9,7,10,0,0,26,0,Hidalgo
2024,HIDALGO,60 AÑOS Y MÁS,HOMBRES,186,60,99,379,6,10,2,0,0,16,0,Hidalgo
2024,HIDALGO,60 AÑOS Y MÁS,MUJERES,626,94,300,1058,4,6,5,0,0,23,0,Hidalgo
2024,JALISCO,10 A 14 AÑOS,HOMBRES,220,0,76,919,1,112,4,121,155,3,227,Jalisco
2024,JALISCO,10 A 14 AÑOS,MUJERES,443,0,213,945,0,62,22,30,47,4,124,Jalisco
2024,JALISCO,15 A 19 AÑOS,HOMBRES,88,0,92,388,4,33,5,51,57,11,47,Jalisco
2024,JALISCO,15 A 19 AÑOS,MUJERES,282,0,305,724,3,30,11,7,43,11,32,Jalisco
2024,JALISCO,20 A 29 AÑOS,HOMBRES,400,0,167,680,5,32,8,19,3,46,0,Jalisco
2024,JALISCO,20 A 29 AÑOS,MUJERES,1045,0,540,1684,8,45,24,4,3,15,0,Jalisco
2024,JALISCO,30 A 49 AÑOS,HOMBRES,664,3,270,1067,16,35,7,2,4,66,0,Jalisco
2024,JALISCO,30 A 49 AÑOS,MUJERES,1952,6,910,3062,50,42,29,1,8,64,0,Jalisco
2024,JALISCO,5 A 9 AÑOS,HOMBRES,81,0,7,540,0,46,9,83,136,5,173,Jalisco
2024,JALISCO,5 A 9 AÑOS,MUJERES,105,0,11,322,0,24,3,25,51,4,99,Jalisco
2024,JALISCO,50 A 59 AÑOS,HOMBRES,316,6,137,550,32,14,6,0,1,38,0,Jalisco
2024,JALISCO,50 A 59 AÑOS,MUJERES,862,8,511,1496,45,12,15,0,0,43,0,Jalisco
2024,JALISCO,60 AÑOS Y MÁS,HOMBRES,435,117,233,839,17,5,3,0,0,29,0,Jalisco
2024,JALISCO,60 AÑOS Y MÁS,MUJERES,1037,134,818,2053,23,5,10,0,0,26,0,Jalisco
2024,MICHOACÁN DE OCAMPO,10 A 14 AÑOS,HOMBRES,383,0,100,1169,2,88,18,87,121,4,366,Michoacán
2024,MICHOACÁN DE OCAMPO,10 A 14 AÑOS,MUJERES,763,0,274,1530,4,70,31,30,31,10,317,Michoacán
2024,MICHOACÁN DE OCAMPO,15 A 19 AÑOS,HOMBRES,192,0,134,535,2,42,5,37,17,22,84,Michoacán
2024,MICHOACÁN DE OCAMPO,15 A 19 AÑOS,MUJERES,468,0,430,1080,11,40,20,16,11,8,76,Michoacán
2024,MICHOACÁN DE OCAMPO,20 A 29 AÑOS,HOMBRES,799,2,170,1105,7,33,26,11,2,55,0,Michoacán
2024,MICHOACÁN DE OCAMPO,20 A 29 AÑOS,MUJERES,2064,1,651,2888,40,35,54,12,1,30,0,Michoacán
2024,MICHOACÁN DE OCAMPO,30 A 49 AÑOS,HOMBRES,1047,7,207,1480,23,38,27,7,0,124,0,Michoacán
2024,MICHOACÁN DE OCAMPO,30 A 49 AÑOS,MUJERES,3967,3,1050,5299,68,41,63,5,0,102,0,Michoacán
2024,MICHOACÁN DE OCAMPO,5 A 9 AÑOS,HOMBRES,166,0,16,1199,0,122,10,181,243,0,461,Michoacán
2024,MICHOACÁN DE OCAMPO,5 A 9 AÑOS,MUJERES,194,0,20,714,0,83,18,72,60,3,264,Michoacán
2024,MICHOACÁN DE OCAMPO,50 A 59 AÑOS,HOMBRES,438,6,74,589,12,14,7,0,0,38,0,Michoacán
2024,MICHOACÁN DE OCAMPO,50 A 59 AÑOS,MUJERES,1518,7,444,2068,29,16,18,0,0,36,0,Michoacán
2024,MICHOACÁN DE OCAMPO,60 AÑOS Y MÁS,HOMBRES,570,85,114,825,19,6,5,0,2,24,0,Michoacán
2024,MICHOACÁN DE OCAMPO,60 AÑOS Y MÁS,MUJERES,1436,113,476,2120,18,17,14,3,0,43,0,Michoacán
2024,MORELOS,10 A 14 AÑOS,HOMBRES,197,0,75,546,0,37,4,31,95,10,97,Morelos
2024,MORELOS,10 A 14 AÑOS,MUJERES,306,0,217,636,1,27,11,1,15,6,52,Morelos
2024,MORELOS,15 A 19 AÑOS,HOMBRES,58,0,73,208,0,21,2,8,27,3,16,Morelos
2024,MORELOS,15 A 19 AÑOS,MUJERES,144,0,333,540,4,16,12,2,13,5,11,Morelos
2024,MORELOS,20 A 29 AÑOS,HOMBRES,213,0,92,349,5,11,5,5,3,15,0,Morelos
2024,MORELOS,20 A 29 AÑOS,MUJERES,496,0,499,1052,3,21,17,2,0,14,0,Morelos
2024,MORELOS,30 A 49 AÑOS,HOMBRES,260,0,86,437,14,23,10,2,0,42,0,Morelos
2024,MORELOS,30 A 49 AÑOS,MUJERES,908,0,657,1689,24,31,21,1,2,45,0,Morelos
2024,MORELOS,5 A 9 AÑOS,HOMBRES,60,0,17,529,0,38,3,57,174,4,176,Morelos
2024,MORELOS,5 A 9 AÑOS,MUJERES,74,0,13,240,0,27,3,12,42,0,69,Morelos
2024,MORELOS,50 A 59 AÑOS,HOMBRES,95,2,29,148,2,2,3,0,1,14,0,Morelos
2024,MORELOS,50 A 59 AÑOS,MUJERES,387,5,278,711,7,12,3,0,0,19,0,Morelos
2024,MORELOS,60 AÑOS Y MÁS,HOMBRES,87,11,51,173,3,1,3,0,0,17,0,Morelos
2024,MORELOS,60 AÑOS Y MÁS,MUJERES,281,57,415,780,4,1,6,0,0,16,0,Morelos
2024,NAYARIT,10 A 14 AÑOS,HOMBRES,153,0,44,381,0,6,3,20,26,8,121,Nayarit
2024,NAYARIT,10 A 14 AÑOS,MUJERES,301,0,135,586,0,5,8,3,8,6,120,Nayarit
2024,NAYARIT,15 A 19 AÑOS,HOMBRES,49,0,51,152,0,6,1,8,6,6,25,Nayarit
2024,NAYARIT,15 A 19 AÑOS,MUJERES,167,0,189,439,3,6,7,5,4,14,44,Nayarit
2024,NAYARIT,20 A 29 AÑOS,HOMBRES,246,0,63,336,2,3,3,4,1,14,0,Nayarit
2024,NAYARIT,20 A 29 AÑOS,MUJERES,738,0,250,1045,9,11,7,1,1,28,0,Nayarit
2024,NAYARIT,30 A 49 AÑOS,HOMBRES,403,0,70,528,2,11,4,2,0,36,0,Nayarit
2024,NAYARIT,30 A 49 AÑOS,MUJERES,1312,2,437,1844,28,12,9,4,0,40,0,Nayarit
2024,NAYARIT,5 A 9 AÑOS,HOMBRES,66,0,8,315,0,5,2,39,61,3,131,Nayarit
2024,NAYARIT,5 A 9 AÑOS,MUJERES,76,0,10,182,0,1,4,4,12,1,74,Nayarit
2024,NAYARIT,50 A 59 AÑOS,HOMBRES,172,3,37,230,3,0,2,0,0,13,0,Nayarit
2024,NAYARIT,50 A 59 AÑOS,MUJERES,480,3,165,680,8,3,4,0,0,17,0,Nayarit
2024,NAYARIT,60 AÑOS Y MÁS,HOMBRES,275,11,63,367,1,1,3,0,0,13,0,Nayarit
2024,NAYARIT,60 AÑOS Y MÁS,MUJERES,478,28,205,748,11,3,6,2,0,15,0,Nayarit
2024,NUEVO LEÓN,10 A 14 AÑOS,HOMBRES,123,0,69,580,1,30,2,56,81,2,216,Nuevo León
2024,NUEVO LEÓN,10 A 14 AÑOS,MUJERES,248,0,127,597,0,30,2,17,28,2,143,Nuevo León
2024,NUEVO LEÓN,15 A 19 AÑOS,HOMBRES,64,0,55,212,1,18,2,25,5,12,30,Nuevo León
2024,NUEVO LEÓN,15 A 19 AÑOS,MUJERES,180,0,141,380,4,9,8,8,4,8,18,Nuevo León
2024,NUEVO LEÓN,20 A 29 AÑOS,HOMBRES,286,0,62,430,5,11,8,11,0,47,0,Nuevo León
2024,NUEVO LEÓN,20 A 29 AÑOS,MUJERES,672,0,198,940,17,9,20,6,2,16,0,Nuevo León
2024,NUEVO LEÓN,30 A 49 AÑOS,HOMBRES,365,0,76,567,34,14,10,3,0,65,0,Nuevo León
2024,NUEVO LEÓN,30 A 49 AÑOS,MUJERES,943,0,314,1423,68,17,30,4,1,46,0,Nuevo León
2024,NUEVO LEÓN,5 A 9 AÑOS,HOMBRES,40,0,8,739,0,43,3,147,180,0,318,Nuevo León
2024,NUEVO LEÓN,5 A 9 AÑOS,MUJERES,64,0,11,322,0,23,4,59,34,2,125,Nuevo León
2024,NUEVO LEÓN,50 A 59 AÑOS,HOMBRES,116,7,43,201,10,4,1,0,0,20,0,Nuevo León
2024,NUEVO LEÓN,50 A 59 AÑOS,MUJERES,365,2,153,590,33,6,9,0,1,21,0,Nuevo León
2024,NUEVO LEÓN,60 AÑOS Y MÁS,HOMBRES,96,43,45,220,19,5,1,0,0,11,0,Nuevo León
2024,NUEVO LEÓN,60 AÑOS Y MÁS,MUJERES,275,66,128,496,9,0,8,0,0,10,0,Nuevo León
2024,OAXACA,10 A 14 AÑOS,HOMBRES,490,0,84,1125,2,36,19,16,67,3,408,Oaxaca
2024,OAXACA,10 A 14 AÑOS,MUJERES,872,0,157,1367,2,28,34,7,12,5,250,Oaxaca
2024,OAXACA,15 A 19 AÑOS,HOMBRES,148,0,93,373,1,21,10,8,8,4,80,Oaxaca
2024,OAXACA,15 A 19 AÑOS,MUJERES,425,0,255,833,0,11,41,3,1,11,86,Oaxaca
2024,OAXACA,20 A 29 AÑOS,HOMBRES,518,2,107,686,5,17,14,1,0,22,0,Oaxaca
2024,OAXACA,20 A 29 AÑOS,MUJERES,1751,1,374,2232,10,18,58,4,0,16,0,Oaxaca
2024,OAXACA,30 A 49 AÑOS,HOMBRES,718,2,116,924,5,17,17,1,1,47,0,Oaxaca
2024,OAXACA,30 A 49 AÑOS,MUJERES,2730,1,571,3461,13,19,87,1,0,39,0,Oaxaca
2024,OAXACA,5 A 9 AÑOS,HOMBRES,344,0,20,1101,0,33,12,74,110,4,504,Oaxaca
2024,OAXACA,5 A 9 AÑOS,MUJERES,398,1,33,817,1,36,12,29,32,0,275,Oaxaca
2024,OAXACA,50 A 59 AÑOS,HOMBRES,216,0,83,324,4,5,7,0,0,9,0,Oaxaca
2024,OAXACA,50 A 59 AÑOS,MUJERES,791,3,252,1077,2,4,13,0,0,12,0,Oaxaca
2024,OAXACA,60 AÑOS Y MÁS,HOMBRES,284,22,101,427,3,4,7,0,0,6,0,Oaxaca
2024,OAXACA,60 AÑOS Y MÁS,MUJERES,768,35,352,1202,6,5,25,0,0,11,0,Oaxaca
2024,PUEBLA,10 A 14 AÑOS,HOMBRES,201,0,45,536,1,33,12,31,62,2,149,Puebla
2024,PUEBLA,10 A 14 AÑOS,MUJERES,373,0,118,690,5,31,15,6,14,7,121,Puebla
2024,PUEBLA,15 A 19 AÑOS,HOMBRES,80,0,62,237,1,21,2,16,10,15,30,Puebla
2024,PUEBLA,15 A 19 AÑOS,MUJERES,211,0,249,557,7,23,24,6,0,6,31,Puebla
2024,PUEBLA,20 A 29 AÑOS,HOMBRES,390,0,91,563,7,26,18,5,2,24,0,Puebla
2024,PUEBLA,20 A 29 AÑOS,MUJERES,932,0,518,1556,13,39,35,5,2,12,0,Puebla
2024,PUEBLA,30 A 49 AÑOS,HOMBRES,485,2,125,723,17,27,22,2,1,42,0,Puebla
2024,PUEBLA,30 A 49 AÑOS,MUJERES,1622,2,607,2367,26,39,38,2,0,31,0,Puebla
2024,PUEBLA,5 A 9 AÑOS,HOMBRES,112,0,9,590,0,47,7,86,71,8,250,Puebla
2024,PUEBLA,5 A 9 AÑOS,MUJERES,103,0,15,354,0,41,7,29,32,2,125,Puebla
2024,PUEBLA,50 A 59 AÑOS,HOMBRES,195,6,67,315,13,13,1,0,0,20,0,Puebla
2024,PUEBLA,50 A 59 AÑOS,MUJERES,596,4,250,886,6,10,7,0,0,13,0,Puebla
2024,PUEBLA,60 AÑOS Y MÁS,HOMBRES,237,31,107,403,5,6,3,0,0,14,0,Puebla
2024,PUEBLA,60 AÑOS Y MÁS,MUJERES,571,40,302,939,7,5,4,0,0,10,0,Puebla
2024,QUERÉTARO,10 A 14 AÑOS,HOMBRES,229,0,29,446,0,24,19,11,50,1,83,Querétaro
2024,QUERÉTARO,10 A 14 AÑOS,MUJERES,407,0,74,617,2,25,9,6,8,3,83,Querétaro
2024,QUERÉTARO,15 A 19 AÑOS,HOMBRES,70,0,49,200,0,23,7,4,5,16,26,Querétaro
2024,QUERÉTARO,15 A 19 AÑOS,MUJERES,187,0,143,387,4,21,12,2,2,6,10,Querétaro
2024,QUERÉTARO,20 A 29 AÑOS,HOMBRES,340,0,78,490,6,25,6,3,1,31,0,Querétaro
2024,QUERÉTARO,20 A 29 AÑOS,MUJERES,894,0,235,1203,9,22,21,2,0,20,0,Querétaro
2024,QUERÉTARO,30 A 49 AÑOS,HOMBRES,532,0,89,736,23,19,13,3,0,57,0,Querétaro
2024,QUERÉTARO,30 A 49 AÑOS,MUJERES,1527,1,468,2172,66,21,42,0,0,47,0,Querétaro
2024,QUERÉTARO,5 A 9 AÑOS,HOMBRES,149,0,9,642,0,53,10,96,98,2,225,Querétaro
2024,QUERÉTARO,5 A 9 AÑOS,MUJERES,141,0,5,333,0,26,7,21,31,0,102,Querétaro
2024,QUERÉTARO,50 A 59 AÑOS,HOMBRES,166,5,42,243,7,2,2,1,0,18,0,Querétaro
2024,QUERÉTARO,50 A 59 AÑOS,MUJERES,521,4,156,729,7,9,15,0,0,17,0,Querétaro
2024,QUERÉTARO,60 AÑOS Y MÁS,HOMBRES,160,48,60,288,3,4,1,0,0,12,0,Querétaro
2024,QUERÉTARO,60 AÑOS Y MÁS,MUJERES,409,69,191,727,17,5,11,0,0,25,0,Querétaro
2024,QUINTANA ROO,10 A 14 AÑOS,HOMBRES,29,0,16,85,0,2,0,7,4,2,25,Quintana Roo
2024,QUINTANA ROO,10 A 14 AÑOS,MUJERES,58,0,29,130,0,3,3,0,2,0,35,Quintana Roo
2024,QUINTANA ROO,15 A 19 AÑOS,HOMBRES,17,0,20,67,0,5,2,2,6,1,14,Quintana Roo
2024,QUINTANA ROO,15 A 19 AÑOS,MUJERES,47,0,59,130,1,1,4,1,0,6,11,Quintana Roo
2024,QUINTANA ROO,20 A 29 AÑOS,HOMBRES,84,0,24,141,3,4,0,0,0,26,0,Quintana Roo
2024,QUINTANA ROO,20 A 29 AÑOS,MUJERES,308,0,91,424,7,5,2,1,0,10,0,Quintana Roo
2024,QUINTANA ROO,30 A 49 AÑOS,HOMBRES,130,0,33,216,10,5,1,0,1,36,0,Quintana Roo
2024,QUINTANA ROO,30 A 49 AÑOS,MUJERES,600,1,135,792,13,9,9,0,0,25,0,Quintana Roo
2024,QUINTANA ROO,5 A 9 AÑOS,HOMBRES,15,0,3,63,0,4,0,5,5,0,31,Quintana Roo
2024,QUINTANA ROO,5 A 9 AÑOS,MUJERES,10,0,4,28,0,1,0,0,1,0,12,Quintana Roo
2024,QUINTANA ROO,50 A 59 AÑOS,HOMBRES,53,0,9,72,0,1,2,0,0,7,0,Quintana Roo
2024,QUINTANA ROO,50 A 59 AÑOS,MUJERES,257,2,50,322,5,2,1,0,0,5,0,Quintana Roo
2024,QUINTANA ROO,60 AÑOS Y MÁS,HOMBRES,45,4,14,71,3,2,1,0,0,2,0,Quintana Roo
2024,QUINTANA ROO,60 AÑOS Y MÁS,MUJERES,195,30,58,293,2,1,1,0,0,6,0,Quintana Roo
2024,SAN LUIS POTOSÍ,10 A 14 AÑOS,HOMBRES,82,0,49,289,1,25,5,23,47,5,52,San Luis Potosí
2024,SAN LUIS POTOSÍ,10 A 14 AÑOS,MUJERES,149,0,136,360,1,5,8,2,15,2,42,San Luis Potosí
2024,SAN LUIS POTOSÍ,15 A 19 AÑOS,HOMBRES,30,1,47,125,1,13,8,7,5,7,6,San Luis Potosí
2024,SAN LUIS POTOSÍ,15 A 19 AÑOS,MUJERES,71,0,217,334,4,9,9,5,2,4,13,San Luis Potosí
2024,SAN LUIS POTOSÍ,20 A 29 AÑOS,HOMBRES,141,1,95,317,13,10,10,4,0,43,0,San Luis Potosí
2024,SAN LUIS POTOSÍ,20 A 29 AÑOS,MUJERES,322,0,394,777,10,14,15,1,0,21,0,San Luis Potosí
2024,SAN LUIS POTOSÍ,30 A 49 AÑOS,HOMBRES,191,1,104,428,37,25,6,0,0,64,0,San Luis Potosí
2024,SAN LUIS POTOSÍ,30 A 49 AÑOS,MUJERES,714,2,487,1428,135,28,18,0,0,44,0,San Luis Potosí
2024,SAN LUIS POTOSÍ,5 A 9 AÑOS,HOMBRES,33,0,18,307,0,21,4,43,73,1,114,San Luis Potosí
2024,SAN LUIS POTOSÍ,5 A 9 AÑOS,MUJERES,41,0,11,147,1,11,1,15,20,2,45,San Luis Potosí
2024,SAN LUIS POTOSÍ,50 A 59 AÑOS,HOMBRES,48,2,51,175,34,11,1,0,0,28,0,San Luis Potosí
2024,SAN LUIS POTOSÍ,50 A 59 AÑOS,MUJERES,283,4,146,484,21,11,6,0,0,13,0,San Luis Potosí
2024,SAN LUIS POTOSÍ,60 AÑOS Y MÁS,HOMBRES,84,20,92,257,32,4,1,0,0,24,0,San Luis Potosí
2024,SAN LUIS POTOSÍ,60 AÑOS Y MÁS,MUJERES,166,30,202,459,28,5,7,0,0,21,0,San Luis Potosí
2024,SINALOA,10 A 14 AÑOS,HOMBRES,53,0,5,331,0,45,1,31,50,2,144,Sinaloa
2024,SINALOA,10 A 14 AÑOS,MUJERES,154,0,24,374,0,27,1,10,16,2,140,Sinaloa
2024,SINALOA,15 A 19 AÑOS,HOMBRES,24,0,12,91,0,11,0,13,8,4,19,Sinaloa
2024,SINALOA,15 A 19 AÑOS,MUJERES,68,0,22,130,0,13,1,3,3,3,17,Sinaloa
2024,SINALOA,20 A 29 AÑOS,HOMBRES,125,0,14,177,0,13,0,3,0,22,0,Sinaloa
2024,SINALOA,20 A 29 AÑOS,MUJERES,378,0,34,432,5,10,2,0,0,3,0,Sinaloa
2024,SINALOA,30 A 49 AÑOS,HOMBRES,157,0,9,217,2,13,2,0,0,34,0,Sinaloa
2024,SINALOA,30 A 49 AÑOS,MUJERES,623,0,68,739,19,6,3,0,0,20,0,Sinaloa
2024,SINALOA,5 A 9 AÑOS,HOMBRES,26,0,3,669,0,21,1,119,130,0,369,Sinaloa
2024,SINALOA,5 A 9 AÑOS,MUJERES,26,0,1,278,0,14,1,27,39,0,170,Sinaloa
2024,SINALOA,50 A 59 AÑOS,HOMBRES,80,2,7,109,3,3,0,0,0,14,0,Sinaloa
2024,SINALOA,50 A 59 AÑOS,MUJERES,202,0,32,265,10,7,0,0,0,14,0,Sinaloa
2024,SINALOA,60 AÑOS Y MÁS,HOMBRES,87,30,8,149,1,0,0,0,0,23,0,Sinaloa
2024,SINALOA,60 AÑOS Y MÁS,MUJERES,149,34,30,233,7,4,0,3,0,6,0,Sinaloa
2024,SONORA,10 A 14 AÑOS,HOMBRES,46,0,14,287,0,11,0,28,95,0,93,Sonora
2024,SONORA,10 A 14 AÑOS,MUJERES,109,0,37,287,0,14,1,14,21,2,89,Sonora
2024,SONORA,15 A 19 AÑOS,HOMBRES,17,0,7,83,0,8,1,6,13,3,28,Sonora
2024,SONORA,15 A 19 AÑOS,MUJERES,45,0,47,133,1,2,5,4,5,1,23,Sonora
2024,SONORA,20 A 29 AÑOS,HOMBRES,66,0,23,118,1,10,5,7,0,6,0,Sonora
2024,SONORA,20 A 29 AÑOS,MUJERES,156,0,56,230,2,10,2,1,0,3,0,Sonora
2024,SONORA,30 A 49 AÑOS,HOMBRES,91,0,14,136,3,13,1,1,0,13,0,Sonora
2024,SONORA,30 A 49 AÑOS,MUJERES,259,0,98,384,3,12,3,1,0,8,0,Sonora
2024,SONORA,5 A 9 AÑOS,HOMBRES,19,0,5,198,0,11,1,42,61,0,59,Sonora
2024,SONORA,5 A 9 AÑOS,MUJERES,21,0,5,104,0,2,0,17,20,0,39,Sonora
2024,SONORA,50 A 59 AÑOS,HOMBRES,49,2,16,74,1,3,0,0,0,3,0,Sonora
2024,SONORA,50 A 59 AÑOS,MUJERES,131,3,34,175,0,3,1,1,0,2,0,Sonora
2024,SONORA,60 AÑOS Y MÁS,HOMBRES,56,20,24,107,3,0,0,0,0,4,0,Sonora
2024,SONORA,60 AÑOS Y MÁS,MUJERES,126,32,75,242,3,1,1,0,0,4,0,Sonora
2024,TABASCO,10 A 14 AÑOS,HOMBRES,572,0,658,2187,1,45,31,30,145,27,678,Tabasco
2024,TABASCO,10 A 14 AÑOS,MUJERES,1027,0,1510,3130,7,24,74,15,43,25,405,Tabasco
2024,TABASCO,15 A 19 AÑOS,HOMBRES,117,0,401,682,3,13,11,15,11,6,105,Tabasco
2024,TABASCO,15 A 19 AÑOS,MUJERES,899,0,1160,2255,2,14,92,3,3,10,72,Tabasco
2024,TABASCO,20 A 29 AÑOS,HOMBRES,526,1,278,887,4,17,33,6,1,21,0,Tabasco
2024,TABASCO,20 A 29 AÑOS,MUJERES,3219,0,1172,4554,7,24,119,1,1,11,0,Tabasco
2024,TABASCO,30 A 49 AÑOS,HOMBRES,822,2,358,1282,19,22,23,4,0,32,0,Tabasco
2024,TABASCO,30 A 49 AÑOS,MUJERES,3864,3,1862,5960,47,21,124,2,0,37,0,Tabasco
2024,TABASCO,5 A 9 AÑOS,HOMBRES,251,0,106,1535,0,37,33,96,339,10,663,Tabasco
2024,TABASCO,5 A 9 AÑOS,MUJERES,259,0,82,806,1,23,29,25,78,5,304,Tabasco
2024,TABASCO,50 A 59 AÑOS,HOMBRES,259,1,142,436,4,7,7,0,0,16,0,Tabasco
2024,TABASCO,50 A 59 AÑOS,MUJERES,1032,9,621,1730,15,5,39,1,0,8,0,Tabasco
2024,TABASCO,60 AÑOS Y MÁS,HOMBRES,374,43,239,673,2,2,4,0,0,9,0,Tabasco
2024,TABASCO,60 AÑOS Y MÁS,MUJERES,940,59,734,1796,18,5,29,0,0,11,0,Tabasco
2024,TAMAULIPAS,10 A 14 AÑOS,HOMBRES,273,0,80,660,1,21,16,24,52,16,177,Tamaulipas
2024,TAMAULIPAS,10 A 14 AÑOS,MUJERES,421,0,187,808,3,9,8,13,22,16,129,Tamaulipas
2024,TAMAULIPAS,15 A 19 AÑOS,HOMBRES,87,0,67,252,0,11,4,15,10,29,29,Tamaulipas
2024,TAMAULIPAS,15 A 19 AÑOS,MUJERES,306,0,264,726,11,12,12,11,50,30,30,Tamaulipas
2024,TAMAULIPAS,20 A 29 AÑOS,HOMBRES,317,0,89,515,15,6,5,8,2,73,0,Tamaulipas
2024,TAMAULIPAS,20 A 29 AÑOS,MUJERES,1002,0,378,1559,29,21,25,3,2,99,0,Tamaulipas
2024,TAMAULIPAS,30 A 49 AÑOS,HOMBRES,436,4,160,802,8,21,20,2,0,151,0,Tamaulipas
2024,TAMAULIPAS,30 A 49 AÑOS,MUJERES,1459,2,587,2360,58,31,63,4,0,156,0,Tamaulipas
2024,TAMAULIPAS,5 A 9 AÑOS,HOMBRES,196,0,16,732,0,23,25,88,103,14,267,Tamaulipas
2024,TAMAULIPAS,5 A 9 AÑOS,MUJERES,178,0,20,450,0,22,13,40,28,9,140,Tamaulipas
2024,TAMAULIPAS,50 A 59 AÑOS,HOMBRES,178,4,72,355,11,8,7,1,0,74,0,Tamaulipas
2024,TAMAULIPAS,50 A 59 AÑOS,MUJERES,529,5,276,927,15,10,16,0,0,76,0,Tamaulipas
2024,TAMAULIPAS,60 AÑOS Y MÁS,HOMBRES,169,42,88,394,3,3,5,0,0,84,0,Tamaulipas
2024,TAMAULIPAS,60 AÑOS Y MÁS,MUJERES,454,54,313,1002,17,5,48,0,0,111,0,Tamaulipas
2024,TLAXCALA,10 A 14 AÑOS,HOMBRES,236,0,65,500,0,58,16,3,28,10,84,Tlaxcala
2024,TLAXCALA,10 A 14 AÑOS,MUJERES,286,0,135,567,0,52,13,0,4,8,69,Tlaxcala
2024,TLAXCALA,15 A 19 AÑOS,HOMBRES,51,0,77,196,4,27,12,2,2,3,18,Tlaxcala
2024,TLAXCALA,15 A 19 AÑOS,MUJERES,109,0,202,367,2,26,12,1,0,4,11,Tlaxcala
2024,TLAXCALA,20 A 29 AÑOS,HOMBRES,215,0,74,352,5,20,7,2,0,29,0,Tlaxcala
2024,TLAXCALA,20 A 29 AÑOS,MUJERES,465,2,335,899,6,44,19,2,0,26,0,Tlaxcala
2024,TLAXCALA,30 A 49 AÑOS,HOMBRES,280,1,104,473,8,23,8,0,0,49,0,Tlaxcala
2024,TLAXCALA,30 A 49 AÑOS,MUJERES,877,6,510,1524,17,32,37,0,0,45,0,Tlaxcala
2024,TLAXCALA,5 A 9 AÑOS,HOMBRES,130,0,18,516,11,70,59,37,60,22,109,Tlaxcala
2024,TLAXCALA,5 A 9 AÑOS,MUJERES,119,0,20,279,4,37,25,10,17,8,39,Tlaxcala
2024,TLAXCALA,50 A 59 AÑOS,HOMBRES,107,11,36,182,1,2,5,0,0,20,0,Tlaxcala
2024,TLAXCALA,50 A 59 AÑOS,MUJERES,316,3,238,611,12,7,15,0,0,20,0,Tlaxcala
2024,TLAXCALA,60 AÑOS Y MÁS,HOMBRES,76,22,69,194,0,4,3,0,0,20,0,Tlaxcala
2024,TLAXCALA,60 AÑOS Y MÁS,MUJERES,228,51,231,545,2,0,8,0,0,25,0,Tlaxcala
2024,VERACRUZ DE IGNACIO DE LA LLAVE,10 A 14 AÑOS,HOMBRES,575,0,165,1375,5,80,21,113,114,32,270,Veracruz
2024,VERACRUZ DE IGNACIO DE LA LLAVE,10 A 14 AÑOS,MUJERES,953,0,332,1698,1,83,21,40,19,27,222,Veracruz
2024,VERACRUZ DE IGNACIO DE LA LLAVE,15 A 19 AÑOS,HOMBRES,206,0,183,630,7,75,15,44,17,37,46,Veracruz
2024,VERACRUZ DE IGNACIO DE LA LLAVE,15 A 19 AÑOS,MUJERES,677,0,641,1535,4,70,21,13,6,38,65,Veracruz
2024,VERACRUZ DE IGNACIO DE LA LLAVE,20 A 29 AÑOS,HOMBRES,777,0,198,1264,16,126,18,33,0,96,0,Veracruz
2024,VERACRUZ DE IGNACIO DE LA LLAVE,20 A 29 AÑOS,MUJERES,2960,1,924,4214,20,133,41,9,0,126,0,Veracruz
2024,VERACRUZ DE IGNACIO DE LA LLAVE,30 A 49 AÑOS,HOMBRES,1101,5,353,1854,35,168,24,4,0,164,0,Veracruz
2024,VERACRUZ DE IGNACIO DE LA LLAVE,30 A 49 AÑOS,MUJERES,4384,2,1499,6428,107,142,63,7,0,224,0,Veracruz
2024,VERACRUZ DE IGNACIO DE LA LLAVE,5 A 9 AÑOS,HOMBRES,391,0,43,1322,1,58,23,235,196,36,339,Veracruz
2024,VERACRUZ DE IGNACIO DE LA LLAVE,5 A 9 AÑOS,MUJERES,264,0,58,669,0,34,12,81,51,10,159,Veracruz
2024,VERACRUZ DE IGNACIO DE LA LLAVE,50 A 59 AÑOS,HOMBRES,466,11,185,812,37,44,11,1,0,57,0,Veracruz
2024,VERACRUZ DE IGNACIO DE LA LLAVE,50 A 59 AÑOS,MUJERES,1438,25,712,2376,49,52,16,1,0,83,0,Veracruz
2024,VERACRUZ DE IGNACIO DE LA LLAVE,60 AÑOS Y MÁS,HOMBRES,495,81,295,960,6,23,5,1,1,53,0,Veracruz
2024,VERACRUZ DE IGNACIO DE LA LLAVE,60 AÑOS Y MÁS,MUJERES,1247,122,861,2380,31,24,14,0,0,81,0,Veracruz
2024,YUCATÁN,10 A 14 AÑOS,HOMBRES,55,0,45,213,0,9,0,19,32,3,50,Yucatán
2024,YUCATÁN,10 A 14 AÑOS,MUJERES,67,0,78,214,1,9,0,3,2,4,50,Yucatán
2024,YUCATÁN,15 A 19 AÑOS,HOMBRES,38,0,47,124,4,3,1,8,8,3,12,Yucatán
2024,YUCATÁN,15 A 19 AÑOS,MUJERES,95,0,176,306,0,9,0,3,2,3,18,Yucatán
2024,YUCATÁN,20 A 29 AÑOS,HOMBRES,139,0,79,248,0,10,1,3,0,16,0,Yucatán
2024,YUCATÁN,20 A 29 AÑOS,MUJERES,409,0,246,704,8,15,6,5,1,14,0,Yucatán
2024,YUCATÁN,30 A 49 AÑOS,HOMBRES,256,2,85,389,9,9,1,5,0,22,0,Yucatán
2024,YUCATÁN,30 A 49 AÑOS,MUJERES,710,1,382,1136,17,10,6,0,0,10,0,Yucatán
2024,YUCATÁN,5 A 9 AÑOS,HOMBRES,36,0,5,178,1,3,2,30,37,4,60,Yucatán
2024,YUCATÁN,5 A 9 AÑOS,MUJERES,45,0,9,113,0,4,0,13,8,1,33,Yucatán
2024,YUCATÁN,50 A 59 AÑOS,HOMBRES,108,3,34,166,10,5,0,1,0,5,0,Yucatán
2024,YUCATÁN,50 A 59 AÑOS,MUJERES,305,2,180,503,6,6,0,0,0,4,0,Yucatán
2024,YUCATÁN,60 AÑOS Y MÁS,HOMBRES,103,45,49,206,1,2,0,0,0,6,0,Yucatán
2024,YUCATÁN,60 AÑOS Y MÁS,MUJERES,266,74,150,506,5,3,0,2,0,6,0,Yucatán
2024,ZACATECAS,10 A 14 AÑOS,HOMBRES,60,0,12,117,1,3,5,2,4,2,28,Zacatecas
2024,ZACATECAS,10 A 14 AÑOS,MUJERES,152,0,35,217,0,2,4,2,2,2,18,Zacatecas
2024,ZACATECAS,15 A 19 AÑOS,HOMBRES,28,0,14,65,3,2,2,2,5,1,8,Zacatecas
2024,ZACATECAS,15 A 19 AÑOS,MUJERES,82,0,65,159,0,1,6,1,0,0,4,Zacatecas
2024,ZACATECAS,20 A 29 AÑOS,HOMBRES,81,0,23,123,5,3,3,1,0,7,0,Zacatecas
2024,ZACATECAS,20 A 29 AÑOS,MUJERES,316,0,90,420,1,3,8,0,1,1,0,Zacatecas
2024,ZACATECAS,30 A 49 AÑOS,HOMBRES,140,0,20,187,3,7,1,0,0,16,0,Zacatecas
2024,ZACATECAS,30 A 49 AÑOS,MUJERES,606,0,169,810,14,2,10,0,0,9,0,Zacatecas
2024,ZACATECAS,5 A 9 AÑOS,HOMBRES,13,0,1,69,0,3,0,9,6,0,37,Zacatecas
2024,ZACATECAS,5 A 9 AÑOS,MUJERES,14,0,2,50,0,0,0,3,3,0,28,Zacatecas
2024,ZACATECAS,50 A 59 AÑOS,HOMBRES,55,1,9,70,4,1,0,0,0,0,0,Zacatecas
2024,ZACATECAS,50 A 59 AÑOS,MUJERES,206,0,73,292,7,1,2,0,0,3,0,Zacatecas
2024,ZACATECAS,60 AÑOS Y MÁS,HOMBRES,60,6,25,98,0,2,0,0,0,5,0,Zacatecas
2024,ZACATECAS,60 AÑOS Y MÁS,MUJERES,139,10,81,239,2,1,0,0,1,5,0,Zacatecas
